{"weighted": 0.12121212482452393, "neutral": 0.1515151560306549, "cost_ratio_fn_over_fp": 4}